{
  "Permission_Booking" : {
    "transaction" : "Permission_Booking",
    "sampleCount" : 1200,
    "errorCount" : 0,
    "errorPct" : 0.0,
    "meanResTime" : 16116.857500000024,
    "medianResTime" : 16806.5,
    "minResTime" : 8537.0,
    "maxResTime" : 21421.0,
    "pct1ResTime" : 20377.6,
    "pct2ResTime" : 20701.85,
    "pct3ResTime" : 20893.96,
    "throughput" : 54.67219463301289,
    "receivedKBytesPerSec" : 14.468910884322748,
    "sentKBytesPerSec" : 15.269773110392272
  },
  "Delete_Booking" : {
    "transaction" : "Delete_Booking",
    "sampleCount" : 1200,
    "errorCount" : 1200,
    "errorPct" : 100.0,
    "meanResTime" : 474.6208333333331,
    "medianResTime" : 494.0,
    "minResTime" : 260.0,
    "maxResTime" : 1211.0,
    "pct1ResTime" : 680.0,
    "pct2ResTime" : 722.95,
    "pct3ResTime" : 796.99,
    "throughput" : 42.58490365165549,
    "receivedKBytesPerSec" : 10.479878633024594,
    "sentKBytesPerSec" : 10.209356369104652
  },
  "Total" : {
    "transaction" : "Total",
    "sampleCount" : 12000,
    "errorCount" : 4794,
    "errorPct" : 39.95,
    "meanResTime" : 7226.313583333312,
    "medianResTime" : 7859.0,
    "minResTime" : 0.0,
    "maxResTime" : 21421.0,
    "pct1ResTime" : 14297.8,
    "pct2ResTime" : 17029.399999999987,
    "pct3ResTime" : 20377.96,
    "throughput" : 151.56490767171042,
    "receivedKBytesPerSec" : 152.207146699832,
    "sentKBytesPerSec" : 49.1724023195746
  },
  "Create_Booking" : {
    "transaction" : "Create_Booking",
    "sampleCount" : 6000,
    "errorCount" : 2385,
    "errorPct" : 39.75,
    "meanResTime" : 7196.278333333375,
    "medianResTime" : 7541.5,
    "minResTime" : 0.0,
    "maxResTime" : 18285.0,
    "pct1ResTime" : 13065.900000000001,
    "pct2ResTime" : 13949.0,
    "pct3ResTime" : 15570.929999999998,
    "throughput" : 92.48127254231018,
    "receivedKBytesPerSec" : 74.71952465107587,
    "sentKBytesPerSec" : 33.937270362256854
  },
  "Get_Booking" : {
    "transaction" : "Get_Booking",
    "sampleCount" : 1200,
    "errorCount" : 9,
    "errorPct" : 0.75,
    "meanResTime" : 10169.543333333359,
    "medianResTime" : 10208.0,
    "minResTime" : 0.0,
    "maxResTime" : 18192.0,
    "pct1ResTime" : 12200.000000000007,
    "pct2ResTime" : 14342.050000000003,
    "pct3ResTime" : 17462.550000000003,
    "throughput" : 32.98334341157715,
    "receivedKBytesPerSec" : 65.71209127281348,
    "sentKBytesPerSec" : 7.145451605532957
  },
  "Update_Booking" : {
    "transaction" : "Update_Booking",
    "sampleCount" : 1200,
    "errorCount" : 1200,
    "errorPct" : 100.0,
    "meanResTime" : 495.92416666666657,
    "medianResTime" : 446.0,
    "minResTime" : 260.0,
    "maxResTime" : 6361.0,
    "pct1ResTime" : 745.0,
    "pct2ResTime" : 781.0,
    "pct3ResTime" : 1124.8700000000001,
    "throughput" : 32.70824247710423,
    "receivedKBytesPerSec" : 8.049294047099869,
    "sentKBytesPerSec" : 14.90061677183275
  },
  "Get_Updated_Booking" : {
    "transaction" : "Get_Updated_Booking",
    "sampleCount" : 1200,
    "errorCount" : 0,
    "errorPct" : 0.0,
    "meanResTime" : 9024.798333333347,
    "medianResTime" : 9185.0,
    "minResTime" : 266.0,
    "maxResTime" : 13979.0,
    "pct1ResTime" : 11461.7,
    "pct2ResTime" : 11773.35,
    "pct3ResTime" : 13372.85,
    "throughput" : 36.15764734241292,
    "receivedKBytesPerSec" : 117.64055932302337,
    "sentKBytesPerSec" : 7.891653703898999
  }
}