{
  "Getting website home page with port" : {
    "transaction" : "Getting website home page with port",
    "sampleCount" : 500,
    "errorCount" : 0,
    "errorPct" : 0.0,
    "meanResTime" : 3239.117999999998,
    "medianResTime" : 3506.0,
    "minResTime" : 359.0,
    "maxResTime" : 6274.0,
    "pct1ResTime" : 5461.5,
    "pct2ResTime" : 5874.75,
    "pct3ResTime" : 6248.79,
    "throughput" : 26.24396388830569,
    "receivedKBytesPerSec" : 36.7861436791413,
    "sentKBytesPerSec" : 11.353589846210372
  },
  "Flight details" : {
    "transaction" : "Flight details",
    "sampleCount" : 500,
    "errorCount" : 0,
    "errorPct" : 0.0,
    "meanResTime" : 3231.1380000000013,
    "medianResTime" : 3483.5,
    "minResTime" : 350.0,
    "maxResTime" : 6303.0,
    "pct1ResTime" : 5211.200000000002,
    "pct2ResTime" : 5687.05,
    "pct3ResTime" : 6135.92,
    "throughput" : 19.9896054051893,
    "receivedKBytesPerSec" : 34.04280555361212,
    "sentKBytesPerSec" : 13.27434733938352
  },
  "Getting website home page-0" : {
    "transaction" : "Getting website home page-0",
    "sampleCount" : 500,
    "errorCount" : 0,
    "errorPct" : 0.0,
    "meanResTime" : 381.6560000000001,
    "medianResTime" : 355.0,
    "minResTime" : 288.0,
    "maxResTime" : 1132.0,
    "pct1ResTime" : 481.0,
    "pct2ResTime" : 522.0,
    "pct3ResTime" : 705.8900000000001,
    "throughput" : 49.20775514221041,
    "receivedKBytesPerSec" : 10.458954581242004,
    "sentKBytesPerSec" : 16.578784691467376
  },
  "Getting website home page-1" : {
    "transaction" : "Getting website home page-1",
    "sampleCount" : 500,
    "errorCount" : 0,
    "errorPct" : 0.0,
    "meanResTime" : 2725.104000000002,
    "medianResTime" : 2440.0,
    "minResTime" : 516.0,
    "maxResTime" : 6164.0,
    "pct1ResTime" : 4600.800000000001,
    "pct2ResTime" : 5186.349999999999,
    "pct3ResTime" : 5855.77,
    "throughput" : 32.156408772268314,
    "receivedKBytesPerSec" : 44.93682270564024,
    "sentKBytesPerSec" : 10.833946314875556
  },
  "Setting destination" : {
    "transaction" : "Setting destination",
    "sampleCount" : 500,
    "errorCount" : 0,
    "errorPct" : 0.0,
    "meanResTime" : 3529.9360000000006,
    "medianResTime" : 3658.5,
    "minResTime" : 354.0,
    "maxResTime" : 6205.0,
    "pct1ResTime" : 5383.8,
    "pct2ResTime" : 5646.5,
    "pct3ResTime" : 6153.650000000001,
    "throughput" : 22.208403659944924,
    "receivedKBytesPerSec" : 32.93246008039442,
    "sentKBytesPerSec" : 13.533245980278938
  },
  "Getting website home page with content encoding" : {
    "transaction" : "Getting website home page with content encoding",
    "sampleCount" : 500,
    "errorCount" : 0,
    "errorPct" : 0.0,
    "meanResTime" : 3464.0520000000006,
    "medianResTime" : 3593.5,
    "minResTime" : 351.0,
    "maxResTime" : 6267.0,
    "pct1ResTime" : 5348.0,
    "pct2ResTime" : 5662.9,
    "pct3ResTime" : 6075.89,
    "throughput" : 19.9203187250996,
    "receivedKBytesPerSec" : 27.93606822709163,
    "sentKBytesPerSec" : 9.337649402390438
  },
  "Total" : {
    "transaction" : "Total",
    "sampleCount" : 4000,
    "errorCount" : 0,
    "errorPct" : 0.0,
    "meanResTime" : 2807.907250000002,
    "medianResTime" : 2980.5,
    "minResTime" : 288.0,
    "maxResTime" : 6470.0,
    "pct1ResTime" : 5100.9,
    "pct2ResTime" : 5537.549999999998,
    "pct3ResTime" : 6135.9299999999985,
    "throughput" : 130.27194268034523,
    "receivedKBytesPerSec" : 174.23287127503664,
    "sentKBytesPerSec" : 69.76355133528742
  },
  "Confirming ticket" : {
    "transaction" : "Confirming ticket",
    "sampleCount" : 500,
    "errorCount" : 0,
    "errorPct" : 0.0,
    "meanResTime" : 2784.7700000000036,
    "medianResTime" : 3024.5,
    "minResTime" : 350.0,
    "maxResTime" : 6294.0,
    "pct1ResTime" : 5125.1,
    "pct2ResTime" : 5437.6,
    "pct3ResTime" : 6155.81,
    "throughput" : 20.97051545526989,
    "receivedKBytesPerSec" : 31.238900371702385,
    "sentKBytesPerSec" : 15.973634819443863
  },
  "Getting website home page" : {
    "transaction" : "Getting website home page",
    "sampleCount" : 500,
    "errorCount" : 0,
    "errorPct" : 0.0,
    "meanResTime" : 3107.484000000002,
    "medianResTime" : 2818.5,
    "minResTime" : 876.0,
    "maxResTime" : 6470.0,
    "pct1ResTime" : 4943.3,
    "pct2ResTime" : 5564.9,
    "pct3ResTime" : 6162.7300000000005,
    "throughput" : 31.10419906687403,
    "receivedKBytesPerSec" : 50.07751749611198,
    "sentKBytesPerSec" : 20.958884136858476
  }
}