{
  "Permission_Booking" : {
    "transaction" : "Permission_Booking",
    "sampleCount" : 1000,
    "errorCount" : 0,
    "errorPct" : 0.0,
    "meanResTime" : 8276.542999999994,
    "medianResTime" : 8685.0,
    "minResTime" : 4974.0,
    "maxResTime" : 15119.0,
    "pct1ResTime" : 11581.9,
    "pct2ResTime" : 11773.85,
    "pct3ResTime" : 14347.99,
    "throughput" : 65.88917440864465,
    "receivedKBytesPerSec" : 17.437467055412796,
    "sentKBytesPerSec" : 18.402640508664426
  },
  "Delete_Booking" : {
    "transaction" : "Delete_Booking",
    "sampleCount" : 1000,
    "errorCount" : 0,
    "errorPct" : 0.0,
    "meanResTime" : 13275.820000000009,
    "medianResTime" : 13348.0,
    "minResTime" : 8872.0,
    "maxResTime" : 19916.0,
    "pct1ResTime" : 15090.9,
    "pct2ResTime" : 15189.95,
    "pct3ResTime" : 15591.83,
    "throughput" : 34.668053388802214,
    "receivedKBytesPerSec" : 8.396169180100538,
    "sentKBytesPerSec" : 8.362313659213035
  },
  "Total" : {
    "transaction" : "Total",
    "sampleCount" : 10000,
    "errorCount" : 0,
    "errorPct" : 0.0,
    "meanResTime" : 9236.968000000008,
    "medianResTime" : 8635.0,
    "minResTime" : 2161.0,
    "maxResTime" : 19916.0,
    "pct1ResTime" : 16368.499999999995,
    "pct2ResTime" : 17281.949999999997,
    "pct3ResTime" : 17984.98,
    "throughput" : 104.72191096543129,
    "receivedKBytesPerSec" : 40.86825754521369,
    "sentKBytesPerSec" : 38.797729465342286
  },
  "Create_Booking" : {
    "transaction" : "Create_Booking",
    "sampleCount" : 5000,
    "errorCount" : 0,
    "errorPct" : 0.0,
    "meanResTime" : 6665.744000000016,
    "medianResTime" : 5854.0,
    "minResTime" : 2161.0,
    "maxResTime" : 14300.0,
    "pct1ResTime" : 10537.000000000005,
    "pct2ResTime" : 11140.0,
    "pct3ResTime" : 11750.99,
    "throughput" : 113.73976342129208,
    "receivedKBytesPerSec" : 49.57654152923112,
    "sentKBytesPerSec" : 52.04371694438125
  },
  "Get_Booking" : {
    "transaction" : "Get_Booking",
    "sampleCount" : 1000,
    "errorCount" : 0,
    "errorPct" : 0.0,
    "meanResTime" : 8567.78499999999,
    "medianResTime" : 8691.5,
    "minResTime" : 5238.0,
    "maxResTime" : 10711.0,
    "pct1ResTime" : 10275.7,
    "pct2ResTime" : 10594.0,
    "pct3ResTime" : 10673.98,
    "throughput" : 45.90735894963963,
    "receivedKBytesPerSec" : 18.71809797204242,
    "sentKBytesPerSec" : 10.087066175457926
  },
  "Update_Booking" : {
    "transaction" : "Update_Booking",
    "sampleCount" : 1000,
    "errorCount" : 0,
    "errorPct" : 0.0,
    "meanResTime" : 17333.27400000001,
    "medianResTime" : 17279.5,
    "minResTime" : 16153.0,
    "maxResTime" : 19485.0,
    "pct1ResTime" : 17978.9,
    "pct2ResTime" : 18172.75,
    "pct3ResTime" : 18866.97,
    "throughput" : 27.755419245607705,
    "receivedKBytesPerSec" : 11.221429265314052,
    "sentKBytesPerSec" : 12.685093952094146
  },
  "Get_Updated_Booking" : {
    "transaction" : "Get_Updated_Booking",
    "sampleCount" : 1000,
    "errorCount" : 0,
    "errorPct" : 0.0,
    "meanResTime" : 11587.538,
    "medianResTime" : 11658.5,
    "minResTime" : 8671.0,
    "maxResTime" : 13463.0,
    "pct1ResTime" : 12186.9,
    "pct2ResTime" : 12288.8,
    "pct3ResTime" : 12449.91,
    "throughput" : 34.91985892376995,
    "receivedKBytesPerSec" : 14.117989838321053,
    "sentKBytesPerSec" : 7.67282056430492
  }
}