{
  "Getting website home page with port" : {
    "transaction" : "Getting website home page with port",
    "sampleCount" : 800,
    "errorCount" : 17,
    "errorPct" : 2.125,
    "meanResTime" : 6052.773749999996,
    "medianResTime" : 5709.5,
    "minResTime" : 372.0,
    "maxResTime" : 10676.0,
    "pct1ResTime" : 10212.0,
    "pct2ResTime" : 10380.9,
    "pct3ResTime" : 10585.93,
    "throughput" : 29.870808752146964,
    "receivedKBytesPerSec" : 41.10441335365171,
    "sentKBytesPerSec" : 12.922625270704204
  },
  "Flight details" : {
    "transaction" : "Flight details",
    "sampleCount" : 800,
    "errorCount" : 18,
    "errorPct" : 2.25,
    "meanResTime" : 5798.646250000002,
    "medianResTime" : 5519.0,
    "minResTime" : 359.0,
    "maxResTime" : 10787.0,
    "pct1ResTime" : 9986.8,
    "pct2ResTime" : 10294.5,
    "pct3ResTime" : 10592.75,
    "throughput" : 22.833656810138145,
    "receivedKBytesPerSec" : 38.01302142795981,
    "sentKBytesPerSec" : 15.162975225482361
  },
  "Getting website home page-0" : {
    "transaction" : "Getting website home page-0",
    "sampleCount" : 800,
    "errorCount" : 0,
    "errorPct" : 0.0,
    "meanResTime" : 396.2825000000005,
    "medianResTime" : 377.0,
    "minResTime" : 287.0,
    "maxResTime" : 1542.0,
    "pct1ResTime" : 494.9,
    "pct2ResTime" : 547.8499999999998,
    "pct3ResTime" : 731.96,
    "throughput" : 75.00468779298707,
    "receivedKBytesPerSec" : 15.805003926026625,
    "sentKBytesPerSec" : 25.27013407087943
  },
  "Getting website home page-1" : {
    "transaction" : "Getting website home page-1",
    "sampleCount" : 800,
    "errorCount" : 7,
    "errorPct" : 0.875,
    "meanResTime" : 5437.201250000002,
    "medianResTime" : 4998.5,
    "minResTime" : 524.0,
    "maxResTime" : 10872.0,
    "pct1ResTime" : 9497.1,
    "pct2ResTime" : 9877.4,
    "pct3ResTime" : 10706.9,
    "throughput" : 38.47263633740502,
    "receivedKBytesPerSec" : 53.513502242233336,
    "sentKBytesPerSec" : 12.961972203520245
  },
  "Setting destination" : {
    "transaction" : "Setting destination",
    "sampleCount" : 800,
    "errorCount" : 20,
    "errorPct" : 2.5,
    "meanResTime" : 6933.369999999994,
    "medianResTime" : 7685.5,
    "minResTime" : 360.0,
    "maxResTime" : 10683.0,
    "pct1ResTime" : 10231.6,
    "pct2ResTime" : 10394.75,
    "pct3ResTime" : 10556.76,
    "throughput" : 22.43221265737599,
    "receivedKBytesPerSec" : 32.56805679205339,
    "sentKBytesPerSec" : 13.669629588088496
  },
  "Getting website home page with content encoding" : {
    "transaction" : "Getting website home page with content encoding",
    "sampleCount" : 800,
    "errorCount" : 36,
    "errorPct" : 4.5,
    "meanResTime" : 6876.827499999994,
    "medianResTime" : 8051.5,
    "minResTime" : 344.0,
    "maxResTime" : 10758.0,
    "pct1ResTime" : 10319.4,
    "pct2ResTime" : 10471.65,
    "pct3ResTime" : 10625.91,
    "throughput" : 21.790646365047806,
    "receivedKBytesPerSec" : 29.297513397842724,
    "sentKBytesPerSec" : 10.214365483616158
  },
  "Total" : {
    "transaction" : "Total",
    "sampleCount" : 6400,
    "errorCount" : 115,
    "errorPct" : 1.796875,
    "meanResTime" : 5202.959375000003,
    "medianResTime" : 4733.5,
    "minResTime" : 287.0,
    "maxResTime" : 11283.0,
    "pct1ResTime" : 9896.0,
    "pct2ResTime" : 10313.9,
    "pct3ResTime" : 10610.98,
    "throughput" : 133.9612768184197,
    "receivedKBytesPerSec" : 176.25431302328624,
    "sentKBytesPerSec" : 71.73927263212978
  },
  "Confirming ticket" : {
    "transaction" : "Confirming ticket",
    "sampleCount" : 800,
    "errorCount" : 10,
    "errorPct" : 1.25,
    "meanResTime" : 4293.854999999994,
    "medianResTime" : 3583.5,
    "minResTime" : 346.0,
    "maxResTime" : 10720.0,
    "pct1ResTime" : 9360.0,
    "pct2ResTime" : 10212.899999999998,
    "pct3ResTime" : 10525.93,
    "throughput" : 24.314631329402467,
    "receivedKBytesPerSec" : 36.110907961522095,
    "sentKBytesPerSec" : 18.520910582943287
  },
  "Getting website home page" : {
    "transaction" : "Getting website home page",
    "sampleCount" : 800,
    "errorCount" : 7,
    "errorPct" : 0.875,
    "meanResTime" : 5834.71875,
    "medianResTime" : 5368.5,
    "minResTime" : 833.0,
    "maxResTime" : 11283.0,
    "pct1ResTime" : 9896.0,
    "pct2ResTime" : 10273.099999999997,
    "pct3ResTime" : 11066.0,
    "throughput" : 37.553396235272025,
    "receivedKBytesPerSec" : 60.148145214289066,
    "sentKBytesPerSec" : 25.304534572595408
  }
}